Timestamp,language,problem
4/8/2025 8:02:07,Scratch,Snackbar
4/8/2025 8:02:21,Python,DNA
4/8/2025 8:02:22,C,Mario
4/8/2025 8:02:22,Python,Cash
4/8/2025 8:02:25,Python,Mario
4/8/2025 8:02:27,C,Tideman
4/8/2025 8:02:33,Python,Mario
4/8/2025 8:02:36,Scratch,Scratch
4/8/2025 8:02:37,Python,Mario
4/8/2025 8:02:45,Python,Runoff
4/8/2025 8:02:46,Python,Fahrenheit
4/8/2025 8:02:49,Scratch,Scratch
4/8/2025 8:02:55,C,Filter
4/8/2025 8:02:57,Python,Filter
4/8/2025 8:03:04,Python,Filter
4/8/2025 8:03:08,Python,Scratch
4/8/2025 8:03:12,Python,Scratch
4/8/2025 8:03:19,C,Filter
4/8/2025 8:03:20,Python,Readability
4/8/2025 8:03:48,Python,Mario
4/8/2025 8:03:50,Python,Scratch
4/8/2025 8:03:52,Python,DNA
4/8/2025 8:03:58,Python,Mario
4/8/2025 8:03:59,C,Filter
4/8/2025 8:04:02,Python,DNA